{"keywords":{"keyword4":"Agile Development","keyword3":"SAM","keyword1":"instructional design","keyword2":"ADDIE","keyword5":"methodologies"},"overview":{"title":"Overview","content":"This course provides a comprehensive understanding of three popular instructional design methodologies: ADDIE, SAM, and Agile Development. Participants will explore the strengths, weaknesses, and implementation strategies for each approach. Through practical examples and case studies, learners will gain insights into how to choose the most suitable methodology based on project requirements and organizational contexts."},"languageId":"en-US","viewCount":0,"sections":{"module1":{"slug":"addie","blocks":{"gGWrHuPJGU":{"order":1,"html":"<p>The ADDIE model is a widely used instructional design framework that stands for Analysis, Design, Development, Implementation, and Evaluation. It provides a systematic approach to developing effective learning experiences. </p>\n<h2>Analysis phase</h2>\n<p>The first phase of the ADDIE model is Analysis. In this phase, instructional designers gather information about the learning needs and objectives of the target audience. This involves conducting a thorough analysis of the learners, the content, and the learning environment. By identifying the goals and constraints of the project, designers can make informed decisions about the design and development of the learning solution.</p>\n<p>During the analysis phase, designers may conduct interviews, surveys, or focus groups to gather data. They also analyze existing resources and conduct a task analysis to understand the skills and knowledge required for successful performance. This information helps designers identify any gaps in learning and determine the scope of the project.</p>\n<h2>Design phase</h2>\n<p>Following the analysis phase, the Design phase focuses on developing the instructional strategies and activities that will effectively address the learning needs. Designers define the learning objectives, select appropriate instructional methods, and create an overall instructional plan. The design phase also involves creating a visual design, determining the sequence of instruction, and deciding on the assessment strategies to measure the achievement of learning outcomes.</p>\n<p>Designers may create storyboards, prototypes, or rough drafts to visualize the flow and structure of the instructional materials. They also consider the learners&#39; characteristics, such as their prior knowledge and learning styles, when designing the content and activities. This phase lays the foundation for the development phase.</p>\n<h2>Development phase</h2>\n<p>During the Development phase, the actual instructional materials are created based on the design specifications. This could involve creating written content, developing multimedia elements, designing interactive activities, or programming e-learning modules. Instructional designers work closely with subject matter experts and multimedia specialists to ensure accurate representation of the content.</p>\n<p>Adhering to the design plan, developers build the instructional materials, focusing on clear and concise communication. Explanations and instructions are provided in a logical and structured manner to support the learners&#39; understanding. Quality assurance processes are typically employed to check for errors and ensure the instructional materials are functioning as intended.</p>\n<h2>Implementation phase</h2>\n<p>Once the instructional materials are developed, the Implementation phase is initiated. In this phase, the instructional solution is delivered and made accessible to the learners. This can involve deploying the solution via a learning management system, offline delivery methods, or face-to-face training sessions.</p>\n<p>During implementation, instructional designers may provide training to instructors or facilitators and ensure that the necessary technical infrastructure is in place. They may also support learners by providing guidance and resources to facilitate their engagement with the instructional materials.</p>\n<h2>Evaluation phase</h2>\n<p>The final phase of the ADDIE model is Evaluation, which involves systematically collecting data to determine the effectiveness of the instructional solution. This phase helps identify any areas for improvement and provides insights into the overall success of the project.</p>\n<p>Evaluation can be conducted at multiple levels, including learner feedback, assessment results, and performance data. It allows instructional designers to assess whether the learning objectives were achieved and if the instructional materials met the needs of the learners. Feedback collected during the evaluation phase informs future iterations of the instructional design process.</p>","type":"html"},"kRu7kowbG1":{"type":"highlight","content":"The ADDIE model is a comprehensive and systematic approach to instructional design. By following the five phases of Analysis, Design, Development, Implementation, and Evaluation, instructional designers can create effective and learner-centered learning experiences. It provides a structured framework that ensures the alignment of learning objectives, design strategies, and the needs of the target audience. Understanding the fundamentals of the ADDIE model lays a strong foundation for instructional designers to create impactful learning solutions.","title":"Conclusion - Introduction to ADDIE","order":2}},"order":1,"name":"Introduction to ADDIE","short":"ADDIE"},"module3":{"slug":"agile","short":"Agile","blocks":{"Za7DPjbOm3":{"type":"highlight","title":"Conclusion - Agile Development in Instructional Design","order":2,"content":"Agile Development offers a more flexible and collaborative approach to Instructional Design compared to traditional methodologies like ADDIE. By embracing iterative development, effective communication, and user-centric design, Instructional Designers can harness the benefits of Agile Development. The key components and strategies provided in this topic serve as foundational knowledge for successfully implementing Agile Development in Instructional Design projects."},"8qnzMAn2t2":{"type":"html","html":"<h2>Introduction</h2>\n<p>In the rapidly evolving field of Instructional Design, traditional approaches like ADDIE (Analysis, Design, Development, Implementation, and Evaluation) have been challenged by more flexible and iterative methods. One such approach gaining popularity is Agile Development, which emphasizes collaboration, adaptability, and rapid prototyping. This topic explores the principles and benefits of Agile Development in Instructional Design, as well as its key components and implementation strategies.</p>\n<h2>Key Principles of Agile Development</h2>\n<p>Agile Development in Instructional Design is rooted in the broader Agile methodology used extensively in software development. The following principles form the foundation of Agile Development in the context of creating instructional materials:</p>\n<ol>\n<li><p><strong>Iterative Development</strong>: Agile Design takes an incremental approach, dividing the development process into smaller, manageable chunks called &quot;sprints.&quot; Each sprint focuses on a specific set of deliverables, allowing for continuous feedback and refinement.</p>\n</li>\n<li><p><strong>Collaboration and Communication</strong>: Agile Development prioritizes effective collaboration and communication among the project team members, including Instructional Designers, Subject Matter Experts, and stakeholders. Regular meetings and open communication channels ensure that everyone is aligned and working towards the shared vision.</p>\n</li>\n<li><p><strong>User-Centric Design</strong>: Agile Development emphasizes the needs and preferences of the end-users. Regular feedback and user testing during each sprint allow for constant iteration and improvements, resulting in a final product that meets the learners&#39; requirements effectively.</p>\n</li>\n<li><p><strong>Adaptability</strong>: Agile Design acknowledges that requirements and priorities can change throughout the development process. It embraces change rather than resisting it, allowing for more flexibility and responsiveness to evolving needs.</p>\n</li>\n</ol>\n<h2>Benefits of Agile Development in Instructional Design</h2>\n<p>Adopting Agile Development principles in Instructional Design offers several benefits compared to more traditional approaches:</p>\n<ol>\n<li><p><strong>Faster Time-to-Market</strong>: Agile Development allows for quicker development cycles, enabling Instructional Designers to deliver usable learning materials faster. This is especially crucial when time constraints and changing business needs demand a rapid response.</p>\n</li>\n<li><p><strong>Enhanced Collaboration</strong>: Agile Development promotes collaboration among all stakeholders, fostering stronger relationships and effective communication. This leads to a deeper understanding of the project&#39;s requirements and ensures that everyone&#39;s input is valued throughout the process.</p>\n</li>\n<li><p><strong>Improved Quality through Iterative Feedback</strong>: Frequent feedback loops and user testing enable quick identification and correction of any design issues or deficiencies. This iterative process enhances the overall quality and effectiveness of the learning materials.</p>\n</li>\n<li><p><strong>Flexibility and Adaptability</strong>: Agile Development allows for flexibility in responding to changing requirements and priorities. As the project progresses, adjustments can be made without significant disruption, ensuring that the final product remains relevant and aligned with the evolving needs of the learners.</p>\n</li>\n</ol>\n<h2>Key Components of Agile Development</h2>\n<p>To successfully implement Agile Development in Instructional Design, it is essential to understand its key components. These components provide the structure and framework for managing the iterative development process:</p>\n<ol>\n<li><p><strong>Product Backlog</strong>: A prioritized list of features, requirements, and instructional design components developed collaboratively by the project team and stakeholders.</p>\n</li>\n<li><p><strong>Sprints</strong>: Time-boxed iterations during which specific deliverables, known as &quot;increments,&quot; are developed. Each sprint typically lasts one to four weeks, depending on the project size and complexity.</p>\n</li>\n<li><p><strong>Sprint Planning</strong>: The project team and stakeholders come together to determine the scope and goals of the upcoming sprint. Tasks are identified, estimated, and assigned to team members.</p>\n</li>\n<li><p><strong>Daily Stand-ups</strong>: Short, daily meetings where team members provide updates on progress, challenges, and plans. These meetings help identify and resolve any issues promptly, maintaining the project&#39;s momentum.</p>\n</li>\n<li><p><strong>Sprint Review</strong>: At the end of each sprint, a review is conducted to evaluate the completed increment against the defined goals. Feedback is collected from stakeholders and end-users to inform further iterations.</p>\n</li>\n<li><p><strong>Sprint Retrospective</strong>: A reflective session to review the team&#39;s performance, processes, and communication during the previous sprint. Lessons learned are identified, and improvements are made for subsequent iterations.</p>\n</li>\n<li><p><strong>User Testing and Feedback</strong>: Incorporating regular user testing and gathering feedback from learners helps identify areas requiring improvement and ensures that the final product meets their needs effectively.</p>\n</li>\n</ol>\n<h2>Implementing Agile Development in Instructional Design</h2>\n<p>To implement Agile Development successfully in Instructional Design projects, consider the following strategies:</p>\n<ol>\n<li><p><strong>Formulate a Cross-functional Team</strong>: Build a project team comprising Instructional Designers, Subject Matter Experts, developers, and stakeholders who can actively contribute to the development process.</p>\n</li>\n<li><p><strong>Prioritize and Refine the Product Backlog</strong>: Collaboratively identify the most critical features and requirements, refining and updating the product backlog as the project progresses.</p>\n</li>\n<li><p><strong>Break Down the Project into Sprints</strong>: Divide the project into manageable sprints, ensuring that each sprint has a clear goal and realistic deliverables.</p>\n</li>\n<li><p><strong>Embrace Continuous Communication</strong>: Establish effective communication channels and encourage regular, open dialogue within the project team and with stakeholders. Maintain transparency regarding progress, challenges, and upcoming tasks.</p>\n</li>\n<li><p><strong>Leverage Rapid Prototyping</strong>: Develop quick prototypes or wireframes during each sprint to gather early feedback and ensure alignment with the learners&#39; needs and expectations.</p>\n</li>\n<li><p><strong>Plan for User Testing</strong>: Incorporate regular user testing sessions during each sprint to validate and refine the instructional materials based on direct feedback from the target audience.</p>\n</li>\n<li><p><strong>Iterate and Adapt</strong>: Continuously evaluate the results of each sprint, identify areas for improvement, and adapt the subsequent iterations accordingly.</p>\n</li>\n</ol>","order":1}},"name":"Agile Development in Instructional Design","order":3},"module2":{"order":2,"slug":"sam","blocks":{"eSX81zKNiv":{"order":1,"html":"<h2>Introduction</h2>\n<p>The Successive Approximation Model (SAM) is an iterative instructional design model that emphasizes collaboration and flexibility throughout the development process. Unlike traditional linear models like ADDIE, SAM offers a highly adaptable and agile approach, allowing Instructional Designers (IDs) to design, develop, and test content in iterative cycles. SAM is particularly suitable for projects with rapidly changing requirements or projects that require a high degree of stakeholder involvement.</p>\n<h2>Key Principles of SAM</h2>\n<ol>\n<li><p><strong>Iterative Development</strong>: The key principle of SAM is iterative development. Instead of designing an entire course or module upfront, IDs work on small chunks of content in successive cycles. This iterative approach allows for frequent feedback and continuous improvement.</p>\n</li>\n<li><p><strong>Multidisciplinary Collaboration</strong>: SAM emphasizes the collaboration between Instructional Designers, Subject Matter Experts (SMEs), developers, and stakeholders. By involving the right experts at each stage, SAM ensures that the instructional content meets the desired learning outcomes.</p>\n</li>\n<li><p><strong>Rapid Prototyping</strong>: SAM encourages the rapid prototyping of instructional content. IDs create prototypes that demonstrate the look, feel, and functionality of the final deliverable early in the process. These prototypes help stakeholders visualize the final product and provide valuable feedback for refinement.</p>\n</li>\n<li><p><strong>Continuous Review and Revision</strong>: SAM places a strong emphasis on continuous review and revision. After each iteration, stakeholders provide feedback, which IDs use to make necessary revisions. This iterative feedback loop ensures that the final product meets the specific needs of the learners.</p>\n</li>\n</ol>\n<h2>Phases of SAM</h2>\n<p>SAM consists of three main phases, each comprising multiple iterative cycles.</p>\n<ol>\n<li><p><strong>Preparation Phase</strong>:</p>\n<ul>\n<li><strong>Analysis</strong>: IDs work closely with stakeholders to identify the project goals, target audience, and desired learning outcomes. They gather existing resources and information necessary for designing the prototype.</li>\n<li><strong>Design</strong>: Based on the analysis, IDs collaborate with SMEs and other team members to design the prototype. They outline the content, determine the instructional strategies, and establish the structure of the prototype.</li>\n</ul>\n</li>\n<li><p><strong>Iteration Phase</strong>:</p>\n<ul>\n<li><strong>Prototype</strong>: IDs develop a rough prototype that aligns with the objectives defined in the previous phase. This prototype may take various forms, such as wireframes, storyboards, or interactive modules.</li>\n<li><strong>Review</strong>: Stakeholders review the prototype and provide feedback. Based on this feedback, IDs make necessary revisions and improvements to enhance the instructional content.</li>\n<li><strong>Evaluation</strong>: IDs conduct formative evaluations to measure the effectiveness of the prototype and validate the design approach. Based on the evaluation results, further modifications are made.</li>\n</ul>\n</li>\n<li><p><strong>Implementation Phase</strong>:</p>\n<ul>\n<li><strong>Development</strong>: IDs work collaboratively with developers and other team members to develop the final product, incorporating the refined prototype from the previous phases.</li>\n<li><strong>Testing and Delivery</strong>: The final product is now thoroughly tested and refined using feedback from users and stakeholders. Once approved, the instructional content is delivered to the learners.</li>\n<li><strong>Evaluation</strong>: Summative evaluations are conducted to assess the overall effectiveness of the instructional content. The feedback gathered is used to further improve future versions.</li>\n</ul>\n</li>\n</ol>\n<h2>Advantages of SAM</h2>\n<ol>\n<li><p><strong>Flexibility</strong>: SAM allows for flexibility and adaptability throughout the instructional design process. As new information becomes available or requirements change, adjustments can be made without significant disruption.</p>\n</li>\n<li><p><strong>Collaborative Approach</strong>: SAM fosters collaboration between stakeholders, SMEs, developers, and IDs. This collaborative approach ensures that the final product meets the needs and expectations of all parties involved.</p>\n</li>\n<li><p><strong>Early Stakeholder Engagement</strong>: By involving stakeholders early in the process, SAM increases their sense of ownership and engagement. This early involvement helps to align the instructional content with their expectations.</p>\n</li>\n<li><p><strong>Rapid Development and Feedback</strong>: SAM enables rapid development by focusing on small iterative cycles. This allows IDs to gather feedback at regular intervals, ensuring that issues are identified and addressed promptly.</p>\n</li>\n<li><p><strong>Continual Improvement</strong>: With its iterative nature, SAM promotes continual improvement of the instructional content. The frequent review and revision cycles ensure that the final product is of high quality and meets the desired learning outcomes.</p>\n</li>\n</ol>","type":"html"},"4JqLSMiMJo":{"type":"highlight","order":2,"content":"The Successive Approximation Model (SAM) offers a versatile and dynamic approach to instructional design. By embracing iterative development, collaboration, and continuous improvement, SAM provides Instructional Designers with a flexible method to create effective and engaging learning experiences. Through its phases of preparation, iteration, and implementation, SAM ensures that the instructional content meets the unique needs of the learners and stakeholders.","title":"Conclusion - SAM: Successive Approximation Model"}},"short":"SAM","name":"SAM: Successive Approximation Model"},"quiz":{"short":"Quiz","headline":"Check your knowledge answering some questions","slug":"quiz","blocks":{"utlFpz4rTB":{"questions":{"que_uyJZSjaYtI":{"choices":{"cho_5AmMm119hi":{"correct":false,"choice":"Agile Development","order":3},"cho_T0YfVVXXLa":{"correct":false,"choice":"SAM","order":2},"cho_JWFdxfbdGE":{"order":1,"choice":"ADDIE","correct":true}},"question":"Which model divides the instructional design process into five distinct phases?","order":4},"que_lhCQr8Uggc":{"order":2,"question":"Which model emphasizes iterative feedback and continuous improvement?","choices":{"cho_KfehSQpZ14":{"correct":false,"choice":"Agile Development","order":3},"cho_Iuv7zQI2Zl":{"choice":"SAM","order":2,"correct":true},"cho_SsmGiPlfxC":{"choice":"ADDIE","correct":false,"order":1}}},"que_enUblf8Nbm":{"order":1,"choices":{"cho_iztX68qSQI":{"correct":true,"order":1,"choice":"ADDIE"},"cho_sEvEdLAC7x":{"order":3,"choice":"Agile Development","correct":false},"cho_9t1A7xsFvE":{"correct":false,"choice":"SAM","order":2}},"question":"Which model is known for its linear and sequential approach in instructional design?"},"que_DgYrGC3NZ5":{"choices":{"cho_AR8HGLzlAa":{"choice":"ADDIE","correct":false,"order":1},"cho_csw45SeytV":{"correct":true,"choice":"Agile Development","order":3},"cho_MYVqlrLsPg":{"correct":true,"order":2,"choice":"SAM"}},"question":"Which model encourages collaboration and cross-functional teams throughout the design process?","order":5},"que_55ALjHpOCF":{"choices":{"cho_asMe8rdJSe":{"correct":false,"choice":"SAM","order":2},"cho_S8Ai9wFXpS":{"correct":false,"order":3,"choice":"Agile Development"},"cho_AzNRpDA7Gc":{"order":1,"choice":"ADDIE","correct":true}},"question":"Which model provides a structured framework for planning, designing, and evaluating instructional materials?","order":6},"que_KFpMrgXBl7":{"choices":{"cho_7r8NOFxRwA":{"correct":false,"order":1,"choice":"ADDIE"},"cho_utyMFHHEUZ":{"correct":true,"order":3,"choice":"Agile Development"},"cho_QXwmj8ETWW":{"correct":false,"order":2,"choice":"SAM"}},"order":3,"question":"Which model is based on software development principles and focuses on adaptive planning and flexible delivery?"}},"order":1,"type":"quiz"}},"order":6,"name":"Quiz"},"wrapup":{"blocks":{"WvICFaq9qM":{"items":{"con_MiifgzTRey":{"title":"Agile Development in Instructional Design","content":"Agile Development offers a more flexible and collaborative approach to Instructional Design compared to traditional methodologies like ADDIE. By embracing iterative development, effective communication, and user-centric design, Instructional Designers can harness the benefits of Agile Development. The key components and strategies provided in this topic serve as foundational knowledge for successfully implementing Agile Development in Instructional Design projects.","order":3},"con_G6Wu4GSUsz":{"title":"Introduction to ADDIE","content":"The ADDIE model is a comprehensive and systematic approach to instructional design. By following the five phases of Analysis, Design, Development, Implementation, and Evaluation, instructional designers can create effective and learner-centered learning experiences. It provides a structured framework that ensures the alignment of learning objectives, design strategies, and the needs of the target audience. Understanding the fundamentals of the ADDIE model lays a strong foundation for instructional designers to create impactful learning solutions.","order":1},"con_0RXp5lGJ3X":{"title":"SAM: Successive Approximation Model","order":2,"content":"The Successive Approximation Model (SAM) offers a versatile and dynamic approach to instructional design. By embracing iterative development, collaboration, and continuous improvement, SAM provides Instructional Designers with a flexible method to create effective and engaging learning experiences. Through its phases of preparation, iteration, and implementation, SAM ensures that the instructional content meets the unique needs of the learners and stakeholders."}},"order":1,"type":"list"}},"order":5,"short":"Wrap-up","slug":"wrapup","name":"Wrap-up","headline":"Let's review what we have just seen so far"},"practice":{"slug":"practice","order":4,"short":"Practice","blocks":{"t7o8XyKRtx":{"order":2,"type":"list","items":{"P10rNWb9t4":{"content":"Create a hypothetical instructional design project and outline the different phases of the ADDIE model that you would follow for its development.","title":"Exercise 1","order":1},"PC5AWLWmXh":{"order":2,"title":"Exercise 2","content":"Design a short e-learning module using the SAM model. Begin with the iterative prototype phase and progressively refine it through successive iterations, incorporating feedback at each stage."},"56NAPeam1W":{"order":3,"content":"Identify an instructional design project that could benefit from an agile approach. Break down the project into smaller deliverables and create an agile development plan, including sprints and iterations, to manage the project effectively.","title":"Exercise 3"}}},"RLxZsP5dCr":{"type":"html","order":1,"html":"<p>In the this lesson, we'll put theory into practice through hands-on activities. Click on the items below to check each exercise and develop practical skills that will help you succeed in the subject.</p>"}},"headline":"Let's put your knowledge into practice","name":"Practical Exercises"}},"version":4,"name":"ADDIE vs SAM vs Agile Development for IDs","id":"z0ZF5KOZFLSFLeJ0ma2u","createdAt":"2023-08-08T14:33:42.237Z","folderId":null,"colorScheme":"red","headline":"Mastering Instructional Design Methodologies","coverImage":"resources/cover-quIHOdejHH.png","updatedAt":"2023-08-16T12:47:31.904Z","category":"Education","conclusion":{"title":"Conclusion","content":"Congratulations on completing this course! You have taken an important step in unlocking your full potential. Completing this course is not just about acquiring knowledge; it's about putting that knowledge into practice and making a positive impact on the world around you."}}